Study_ID,First_Author,Year,Country,Language,Title,Journal,DOI
,,,,,,,

Sample_Size_DD,Sample_Size_Control,Age_Mean_DD,Age_SD_DD,Age_Range_DD,Age_Mean_Control,Age_SD_Control,Age_Range_Control
,,,,,,,

Gender_Male_DD,Gender_Female_DD,Gender_Male_Control,Gender_Female_Control,IQ_Mean_DD,IQ_SD_DD,IQ_Mean_Control,IQ_SD_Control
,,,,,,,

DD_Diagnosis_Criteria,DD_Screening_Tool,Reading_Level_DD,Reading_Level_Control,Handedness,Comorbidity_Exclusion
,,,,,,

Task_Type,Stimulus_Type,Stimulus_Number,Presentation_Duration_ms,ISI_ms,Task_Description
,,,,,,

EEG_System,Electrode_Number,Sampling_Rate_Hz,Reference,Filter_Low_Hz,Filter_High_Hz,Epoch_Window_ms
,,,,,,,

N400_Electrode_Sites,N400_Time_Window_ms,N400_Peak_Latency_DD_ms,N400_Peak_Latency_Control_ms,N400_Mean_Amplitude_DD_uV,N400_Mean_Amplitude_Control_uV
,,,,,,

N400_Effect_Condition,Statistical_Method,Group_Difference_p,Effect_Size_Type,Effect_Size_Value,CI_95_Lower,CI_95_Upper
,,,,,,,

Key_Findings,Limitations,Quality_Score,Notes
,,,,
